,Username,Id,0,1
0,,,abMMRLAlIqjXmM,0.0
0,,,ahL,1.0
0,,,AiFGSatLHRMpzhpzChpLJaY,2.0
0,,,AirAqtPZmwmcuItOmlhIBPpniAciNNJOGk,3.0
0,,,aYipFbtqQKQrvfz,4.0
0,,,ayWQreAbVNjxHGytKTFAcUZCT,5.0
0,,,bayFbPjhLPDGSALacRklCAWZNPOGRBUnd,6.0
0,,,BgCMRpEXkkTLEKAEuXBkSKdexCTVM,7.0
0,,,BgYuoZMyoTLDQuJuHhVmxkJ,8.0
0,,,BkVLvzURsHASTYxghlggZMauZuComgUi,9.0
0,,,bpsTYOHVe,10.0
0,,,BSqoRKAisKXbSs,11.0
0,,,bumMmoEznaVRHY,12.0
0,,,bWFp,13.0
0,,,cDbtWKJntjEJ,14.0
0,,,cdceBKoAhHlqwVWoCSBjStEXy,15.0
0,,,CiNcOnTNHuYNHrYXZSTlPJqaLSUC,16.0
0,,,cjEOQGAYctMRPYdqdAeBaPtrKSZH,17.0
0,,,cmOKgdx,18.0
0,,,coHIqcXDaPojStMOCBsjBEvx,19.0
0,,,CpMufCsIkAHnnftQpzPVItBSlGMNapu,20.0
0,,,cQzUBJztWrINpCh,21.0
0,,,cRjKJczWJxmj,22.0
0,,,CUOevtvyMhc,23.0
0,,,CxPynSA,24.0
0,,,DeV,25.0
0,,,dRjLLPkNPfbYEXEibDPtHlkd,26.0
0,,,DVaukaoGiQShm,27.0
0,,,DwuamKAUmssMMWkdkFKk,28.0
0,,,eALpuIhbIFzGT,29.0
0,,,EcZT,30.0
0,,,eddHlUjiStrOdOi,31.0
0,,,eDNTjCVkhsoQJyNMoyLiZXb,32.0
0,,,EGQmvNYTLdnMOQ,33.0
0,,,ErbYNpVd,34.0
0,,,EVdlsgULCHDSWCwxAN,35.0
0,,,evio,36.0
0,,,EVtODXmqfzpNcksiyigutlZDWfENLBSpz,37.0
0,,,EXoQ,38.0
0,,,eyggkIe,39.0
0,,,fcqkKQbDdBOzWKshQTK,40.0
0,,,fdegbJozociGHCEQBpaVS,41.0
0,,,fdUdHioA,42.0
0,,,FOtUpeeLyBosqoEqBFipNvK,43.0
0,,,fxjHKxGsZxJYRXwMFMfCrtrkNJRVayr,44.0
0,,,GAvCUmk,45.0
0,,,gCuLkF,46.0
0,,,GfQNNWUMR,47.0
0,,,GneFcuLJAcjTeMmt,48.0
0,,,GqPjUnejyylKfxqGTCx,49.0
0,,,gRoW,50.0
0,,,H,51.0
0,,,HfiIbWrHyMhOQZvRY,52.0
0,,,HGvgUHKulZOtecH,53.0
0,,,hGxM,54.0
0,,,hmhWbGMXdjAOExomtHWDDZXOAoZAqeu,55.0
0,,,HSMSxWCnjFGVLRGnmKYvZqEJxMkZhWBrH,56.0
0,,,hWxdpJENuUlwwuFIXdSijTmLGnTkbk,57.0
0,,,hyGwgelpd,58.0
0,,,hzhNMgmdZxtefnejtMNLOrhWPR,59.0
0,,,hZZuVQNUONWLdgpPCS,60.0
0,,,IETYktIMZxt,61.0
0,,,ikDqcRFLjauKQty,62.0
0,,,ikpyc,63.0
0,,,IkXp,64.0
0,,,INatGfXESRBFRsSFLiiMmtuiueRdj,65.0
0,,,iOTvYqJAhJLcrajbEEWFqtLFbIHAnuk,66.0
0,,,ItVmayue,67.0
0,,,iVHWLneTOoQSOU,68.0
0,,,iYgnQDVWzyxOcCdWPbeSkqXPxSQ,69.0
0,,,IynVyLKLdNplRosFfrMDUTGJiIZCD,70.0
0,,,jinfzHzMjloTvbdxuQqX,71.0
0,,,jMm,72.0
0,,,JTafrm,73.0
0,,,JwSOeeSxREIeridD,74.0
0,,,KHVBGOHdKBiJFUjyWgZWDsYruDc,75.0
0,,,KNzKxZKMASfwyNKkEAqscLtMwq,76.0
0,,,kRJlJCUMRIdqmRDRXu,77.0
0,,,Lbfzdjzuq,78.0
0,,,ldnwDxAKXX,79.0
0,,,lMBQeQyalrXBKbpdVVOnuQqflpqT,80.0
0,,,lrZbSLtnM,81.0
0,,,lwFHLI,82.0
0,,,lXBJbfqzcbMLKQy,83.0
0,,,MAwzNHsMzzVtA,84.0
0,,,mFpWRPNuVdTAobPKACioyKUOMMMPDtI,85.0
0,,,MmThecnOoGqtXxDFvQMBatpc,86.0
0,,,MpaNyMaxFQRmTqWbEcRtGE,87.0
0,,,mPkVRrxcJRtmhPiEabJOsgUdEkfXYEXfqg,88.0
0,,,MtQ,89.0
0,,,mWvyXuFTZzqJYwfyIN,90.0
0,,,nAmWUP,91.0
0,,,neeDZLlQa,92.0
0,,,niTUTapuGpgDXKHvHCPHmsUnesAEyh,93.0
0,,,nnvsyBtFTEqvZgMbzpmhoEoeWx,94.0
0,,,Nw,95.0
0,,,nYcYIJSyFmsEYRBqIDfGDEvOQAnJZ,96.0
0,,,OcNJkGmAJaAU,97.0
0,,,OcqvgjSmlFAlPeLtd,98.0
0,,,OEZmaeiPUGXVawhqEnVVFRyBt,99.0
0,,,ofAhQxT,100.0
0,,,oIcUfqwXSrcLmc,101.0
0,,,OKfWtplgyjfQbxcvbz,102.0
0,,,OQHmJRtUseePPtoVxkbNktWJtdtSWrhvHa,103.0
0,,,oQjbVCHVUgiwowSubiWPWXYLxEGNccq,104.0
0,,,oSmwI,105.0
0,,,OtjVroCHOurtYEogxoHfTcMgasaf,106.0
0,,,PcQMEkJNnw,107.0
0,,,pkTeNWFPlDVwkSobLvSHzJwPbAJYUIxq,108.0
0,,,pkZM,109.0
0,,,plSMoRkhDqXkyRKVA,110.0
0,,,PsErXVDbZlkYxePFtPrNnvFrAGLZfDhETh,111.0
0,,,pXQNfoiMQmwpbSLqAjrgXCqewGEAAPk,112.0
0,,,pZCuclovzgeqdgIHm,113.0
0,,,qhXykhjMuuLDpuifArBSofQBPfaaes,114.0
0,,,Ql,115.0
0,,,QLdfKhxHUbQdDCrhaGJu,116.0
0,,,qoFWQV,117.0
0,,,QSdLDgst,118.0
0,,,rCausOipJZiqlNmOb,119.0
0,,,RCPp,120.0
0,,,RfINUhfwouwsRQYsONzvvwElHaEaKDsYU,121.0
0,,,rGPKZrNjOOzoXRgfRWgrcjVtrBl,122.0
0,,,rIsHAwZLGQMdEbxHBTEMLLFJLVloEp,123.0
0,,,RKkxvWJ,124.0
0,,,RNGZK,125.0
0,,,RORXPanDEAFKReQZcbdPnisCaX,126.0
0,,,rouUiRKjXLvZTED,127.0
0,,,RqJuqWHqtCvIC,128.0
0,,,RqMXyOGLRcMq,129.0
0,,,rsAfbTasNlAXKxbmvuQc,130.0
0,,,rxAdSoFoxEERSSkvMwzjQzvFFaqXBeYz,131.0
0,,,RYjUTBXshFiRAUek,132.0
0,,,s,133.0
0,,,sBdhSXKktWKBpjtdYtCCFepdff,134.0
0,,,SdIIB,135.0
0,,,sdWIRLRUvMhiiSPDkPbIfbi,136.0
0,,,SE,137.0
0,,,SikktZzrnXzB,138.0
0,,,siXzMJaDkngjaznQjUB,139.0
0,,,TAtTrDRqHfQcvQNXrEUHSLSDDMZIRQV,140.0
0,,,TjC,141.0
0,,,TLxQwmRZsLfXcb,142.0
0,,,tojDLmHDlGOviOGicQppbAOaQaCAnKc,143.0
0,,,tPRoXInIYgURVPPRVXEMNMxRs,144.0
0,,,Tt,145.0
0,,,tThSHFuaKphDMyqUucAoDpUQqLYntd,146.0
0,,,UeHQDqcKckdF,147.0
0,,,uekCyJdfPog,148.0
0,,,UqjGNRAkzBfLDViHV,149.0
0,,,VesNnJODQkVOrLbPWQMtWk,150.0
0,,,vmbg,151.0
0,,,vpUYORnuWEHcBnWkzVJbHvHVxRh,152.0
0,,,VsKAn,153.0
0,,,VxNRpDs,154.0
0,,,VYERvMqWWLwB,155.0
0,,,wbOxzoKwQHSynhbesqUVBgFpZP,156.0
0,,,wEdwoswybvYsZFFylEeUw,157.0
0,,,Wf,158.0
0,,,WFGNYVnJazbLLXiMQlEaigRwV,159.0
0,,,WfiSSKCfSzLXyqVGKYvbqnhCOIWqeNNXd,160.0
0,,,WhNAjYgjGtFgD,161.0
0,,,WIVwprWKuVqlwp,162.0
0,,,WIZilefvSuUcpZy,163.0
0,,,WmIcjzqWGrYVGycUStzfs,164.0
0,,,WnkIROAX,165.0
0,,,WTftYECTjDGOdEmrgkhKYfcSVggRHJ,166.0
0,,,WxkHcJipZM,167.0
0,,,wZtKusVo,168.0
0,,,X,169.0
0,,,xAYVKDmxYMyidpoJrsGPOxBsYXma,170.0
0,,,XCQAVwmkqYHpUcOLmChIHQlCuSLGyDbZD,171.0
0,,,XcviuVufuFa,172.0
0,,,xGEbTNFgUVxmqZdwLhs,173.0
0,,,Xh,174.0
0,,,XpskqDSCcLxwEOKVSkQbdBquLhHuOKLfl,175.0
0,,,xQtBUzZJhDe,176.0
0,,,XvamqNpwSEhG,177.0
0,,,YbtDLuSPpQMOTmpmGvnywiHPMl,178.0
0,,,yBXeBfHbfMqMYGQyOvuHZdXddsDsHamgwq,179.0
0,,,yeMIChpIcSBIVSc,180.0
0,,,yEyxhFUwsbDKUypeFIczzQpS,181.0
0,,,YfdlxkRbjbSbDasiLkUxKZRM,182.0
0,,,yFIZJboCslpPUDNcsnuEcyfMUTFbZbc,183.0
0,,,yHNocclHCdKuaulmQ,184.0
0,,,yNSBEdUbkwNDyRJpeFpEuCzpOBCrCgMGv,185.0
0,,,yumcedQLtXyUBOcMWqrxfoEMdhJ,186.0
0,,,YYqoCtCoLrZjvSckesFYeGzhmBDZYblHi,187.0
0,,,yzHsHjBECWiiZvBGACxRztPkB,188.0
0,,,ZAMSuPIIARFjECzTaDDmdjLEQlYC,189.0
0,,,zFtoieVPqF,190.0
0,,,ZOJYnCMSJNxcyPNnMSFhYKuCnGYpsFN,191.0
0,,,zUCPZCIqognFGgaCIxWu,192.0
0,,,zUgBRUNwsjSiXYnYDLHxYnkvMvKi,193.0
0,,,ZWWrOzawZhYNzY,194.0
0,,,zxQTNCOFAxIiir,195.0
0,,,ZYudEbsgdyebBLOcnpbRQmFF,196.0
